Open time,BTC,ETH,XRP,LTC,DOGE,LINK
2019-08-01,10374.99,216.84,0.31575,98.64,0.0029004,2.161
2019-08-02,10523.75,217.61,0.31178,94.76,0.0028996,2.4271
2019-08-03,10816.86,222.14,0.31596,94.17,0.0028994,2.4211
2019-08-04,10929.23,221.79,0.31813,92.64,0.0029222,2.5099
2019-08-05,11828.8,233.54,0.32242,96.56,0.0030428,2.4562
2019-08-06,11481.69,226.28,0.3116,92.99,0.0029557,2.4785
2019-08-07,11975.03,226.1,0.31109,90.59,0.0029856,2.3826
2019-08-08,11999.77,221.39,0.30825,90.15,0.0029635,2.2755
2019-08-09,11879.99,210.53,0.29649,84.24,0.002913,2.1669
2019-08-10,11309.31,206.48,0.29918,85.46,0.00285,2.3336
2019-08-11,11549.97,216.42,0.30316,89.93,0.0028874,2.415
2019-08-12,11396.08,211.41,0.3006,85.79,0.0028516,2.39
2019-08-13,10892.71,209.3,0.298,84.88,0.0028339,2.4229
2019-08-14,10050.37,187.1,0.26353,75.9,0.0027161,2.2842
2019-08-15,10293.93,188.03,0.26378,76.25,0.0025916,2.4232
2019-08-16,10331.54,184.88,0.26047,74.67,0.002651,2.3
2019-08-17,10216.02,185.59,0.26546,72.65,0.0026251,2.4036
2019-08-18,10306.78,194.33,0.2832,76.25,0.002695,2.5051
2019-08-19,10915.54,202.28,0.28202,77.1,0.0027816,2.4958
2019-08-20,10760.51,196.6,0.27432,75.14,0.002712,2.3624
2019-08-21,10142.57,187.45,0.26589,73.27,0.0026398,2.2054
2019-08-22,10099.88,190.35,0.27039,73.31,0.0026458,2.2227
2019-08-23,10389.55,194.02,0.27664,75.38,0.0026668,2.2333
2019-08-24,10134.35,190.6,0.27137,73.32,0.0026222,2.1681
2019-08-25,10142.69,186.54,0.26954,72.1,0.0026237,2.078
2019-08-26,10372.25,188.67,0.27051,73.54,0.0026409,2.0739
2019-08-27,10185.05,187.24,0.26954,72.9,0.0025993,2.1128
2019-08-28,9721.0,173.03,0.25629,66.73,0.0024965,1.8957
2019-08-29,9498.44,169.01,0.25698,63.59,0.0024244,1.7744
2019-08-30,9584.54,168.5,0.25539,64.17,0.0024449,1.796
2019-08-31,9587.47,171.57,0.25747,64.24,0.0024528,1.7791
2019-09-01,9724.98,170.74,0.25593,65.89,0.0024603,1.7686
2019-09-02,10340.0,178.05,0.2606,66.92,0.0025882,1.8287
2019-09-03,10615.28,178.75,0.26242,69.06,0.0025593,1.849
2019-09-04,10567.02,174.72,0.25843,67.01,0.0025097,1.7784
2019-09-05,10564.49,173.75,0.25617,65.23,0.0024909,1.7921
2019-09-06,10298.73,169.08,0.2511,64.87,0.00247,1.7226
2019-09-07,10455.88,177.62,0.25993,68.77,0.0024542,1.7672
2019-09-08,10381.18,181.19,0.26205,70.36,0.0024585,1.8275
2019-09-09,10303.12,180.54,0.25855,69.89,0.0024351,1.7872
2019-09-10,10098.15,179.81,0.25859,70.85,0.0024185,1.7998
2019-09-11,10158.33,178.28,0.25519,69.8,0.0023892,1.7301
2019-09-12,10415.01,180.72,0.25406,69.15,0.0023928,1.7073
2019-09-13,10342.06,180.95,0.2552,68.93,0.002399,1.5759
2019-09-14,10335.02,188.13,0.26124,70.5,0.0024192,1.5634
2019-09-15,10302.01,189.03,0.26022,70.04,0.002426,1.6104
2019-09-16,10251.31,197.22,0.26098,72.63,0.0024309,1.5806
2019-09-17,10187.82,207.84,0.28561,74.04,0.002594,1.624
2019-09-18,10156.99,210.21,0.31344,77.81,0.0027015,1.801
2019-09-19,10244.29,220.24,0.30062,76.56,0.0027083,1.8744
2019-09-20,10168.59,218.03,0.2936,75.05,0.0026497,1.8245
2019-09-21,9986.39,215.05,0.28961,73.22,0.0025772,1.8855
2019-09-22,10028.87,211.2,0.27653,72.23,0.002562,1.8157
2019-09-23,9702.25,201.29,0.26786,66.54,0.0024474,1.8048
2019-09-24,8493.14,165.81,0.23282,54.57,0.00219,1.716
2019-09-25,8430.05,169.96,0.2457,57.43,0.0021757,1.7443
2019-09-26,8063.73,165.92,0.2422,55.19,0.0021396,1.6512
2019-09-27,8177.91,173.79,0.24208,55.86,0.0021723,1.659
2019-09-28,8198.81,173.49,0.24163,55.37,0.0021974,1.6742
2019-09-29,8043.82,169.24,0.24024,53.82,0.0021854,1.7002
2019-09-30,8289.34,180.85,0.2566,55.99,0.0023747,1.7677
2019-10-01,8292.44,175.66,0.24788,55.63,0.0023503,1.8286
2019-10-02,8359.94,180.24,0.25247,56.23,0.002323,2.011
2019-10-03,8223.96,174.69,0.24674,56.44,0.0022977,1.9442
2019-10-04,8137.13,175.55,0.25243,56.3,0.0022893,1.9663
2019-10-05,8126.19,176.25,0.25325,56.69,0.0022922,1.9624
2019-10-06,7854.25,170.1,0.25552,54.41,0.0022677,2.1669
2019-10-07,8190.09,179.85,0.27592,57.46,0.002331,2.3963
2019-10-08,8168.39,180.6,0.2774,56.94,0.0023096,2.5765
2019-10-09,8560.74,192.62,0.28082,59.12,0.0023522,2.8011
2019-10-10,8558.03,191.14,0.27021,57.47,0.0023,2.6279
2019-10-11,8258.5,180.72,0.26743,55.85,0.0022909,2.7481
2019-10-12,8300.09,179.68,0.27226,55.7,0.0023196,2.5975
2019-10-13,8275.01,180.99,0.27726,56.46,0.0024317,2.486
2019-10-14,8348.2,186.72,0.29727,56.83,0.0025415,2.5324
2019-10-15,8159.29,180.49,0.28859,54.58,0.0024964,2.3974
2019-10-16,7991.74,174.47,0.28331,52.45,0.0026162,2.3717
2019-10-17,8070.58,177.16,0.30167,54.94,0.0027405,2.4124
2019-10-18,7947.01,172.74,0.29404,53.21,0.0026952,2.3546
2019-10-19,7948.01,171.79,0.29145,53.72,0.0027176,2.3521
2019-10-20,8223.35,175.22,0.29386,54.85,0.0027151,2.4444
2019-10-21,8197.27,173.98,0.29187,54.57,0.0026879,2.6223
2019-10-22,8020.0,171.2,0.29046,53.39,0.0025311,2.6074
2019-10-23,7466.62,162.35,0.27306,49.5,0.0024746,2.6055
2019-10-24,7412.41,160.38,0.27596,49.54,0.0025183,2.72
2019-10-25,8655.02,181.5,0.29829,56.93,0.0026694,2.8374
2019-10-26,9230.0,179.49,0.29351,56.71,0.0025925,2.7348
2019-10-27,9529.93,183.75,0.29818,59.78,0.00264,2.6646
2019-10-28,9205.14,181.72,0.29447,57.7,0.0026265,2.6611
2019-10-29,9407.62,190.46,0.30192,59.75,0.002625,2.662
2019-10-30,9154.72,183.13,0.29471,57.89,0.0025936,2.6093
2019-10-31,9140.85,182.18,0.29452,58.29,0.0025844,2.7219
2019-11-01,9231.61,182.85,0.29146,58.23,0.0025932,2.7091
2019-11-02,9289.52,182.91,0.29456,58.25,0.0025773,2.6973
2019-11-03,9194.71,181.54,0.29024,58.29,0.0025861,2.6605
2019-11-04,9393.35,185.71,0.29863,61.29,0.0025751,2.6746
2019-11-05,9308.66,188.68,0.30061,63.12,0.0025927,2.6746
2019-11-06,9339.05,191.16,0.31009,64.11,0.0025952,2.7448
2019-11-07,9216.2,186.68,0.29061,61.39,0.0026982,2.6757
2019-11-08,8773.73,183.74,0.27547,60.38,0.0026381,2.71
2019-11-09,8809.41,184.89,0.2799,62.04,0.0027126,2.8009
2019-11-10,9039.47,188.96,0.27894,63.65,0.0027565,2.777
2019-11-11,8733.27,184.98,0.27423,61.84,0.002705,2.744
2019-11-12,8821.94,187.09,0.27222,61.42,0.0027078,2.8152
2019-11-13,8777.12,188.11,0.27202,60.96,0.0026821,3.02
2019-11-14,8646.68,184.92,0.26795,59.0,0.002662,3.039
2019-11-15,8471.73,180.0,0.26069,57.6,0.002658,3.0389
2019-11-16,8491.02,182.37,0.26218,58.3,0.0026606,2.9894
2019-11-17,8502.4,183.82,0.26311,59.22,0.0026258,2.91
2019-11-18,8187.17,178.2,0.25179,55.81,0.0025395,2.7885
2019-11-19,8133.64,175.94,0.25398,55.13,0.0025165,2.7255
2019-11-20,8098.01,174.72,0.25014,54.98,0.0025225,2.6982
2019-11-21,7627.74,161.01,0.24345,50.61,0.0024063,2.5456
2019-11-22,7268.23,149.56,0.23,47.32,0.0023524,2.3466
2019-11-23,7311.57,151.84,0.23407,48.1,0.0023994,2.4266
2019-11-24,6903.28,139.96,0.21989,43.86,0.002233,2.2216
2019-11-25,7109.57,145.69,0.21731,45.47,0.0022539,2.2523
2019-11-26,7156.14,147.47,0.2206,46.91,0.0022663,2.2424
2019-11-27,7508.52,152.62,0.224,47.7,0.0023208,2.2242
2019-11-28,7419.49,150.72,0.22313,46.79,0.002272,2.2702
2019-11-29,7739.68,154.57,0.22998,48.54,0.0023593,2.3403
2019-11-30,7541.89,151.37,0.2255,47.21,0.0022918,2.2373
2019-12-01,7390.89,150.73,0.22477,47.45,0.0022648,2.1638
2019-12-02,7294.28,148.65,0.21914,45.45,0.0022194,2.0911
2019-12-03,7292.71,147.17,0.21951,44.75,0.0021782,2.1222
2019-12-04,7194.32,145.38,0.2139,44.67,0.0021682,2.029
2019-12-05,7389.0,148.1,0.22118,44.81,0.0021755,2.0068
2019-12-06,7527.47,148.45,0.22546,45.28,0.0021944,2.0943
2019-12-07,7488.21,147.14,0.22699,45.15,0.002184,2.044
2019-12-08,7510.11,150.44,0.22909,45.56,0.0021971,2.0528
2019-12-09,7338.64,147.38,0.22445,44.45,0.0021699,2.0984
2019-12-10,7224.13,145.56,0.22256,44.09,0.0021368,2.2657
2019-12-11,7210.0,143.39,0.22093,43.7,0.0021379,2.1786
2019-12-12,7198.08,144.87,0.21837,43.65,0.0021344,2.1056
2019-12-13,7258.48,144.8,0.22054,44.44,0.0021321,2.0709
2019-12-14,7064.05,141.79,0.21605,43.25,0.0021127,1.9946
2019-12-15,7118.59,142.46,0.21735,43.44,0.0021363,2.0708
2019-12-16,6891.72,132.73,0.2055,39.99,0.002087,1.9751
2019-12-17,6623.82,121.88,0.1831,36.92,0.0019772,1.7598
2019-12-18,7277.83,132.78,0.19573,40.79,0.0020483,1.8703
2019-12-19,7150.3,128.1,0.1878,39.65,0.0020205,1.805
2019-12-20,7187.83,128.19,0.19521,40.17,0.0020273,1.9182
2019-12-21,7132.75,126.99,0.19143,39.67,0.00204,1.8575
2019-12-22,7501.44,132.09,0.19649,41.82,0.0020808,1.9181
2019-12-23,7317.09,127.8,0.18953,40.56,0.002051,1.8629
2019-12-24,7255.77,127.75,0.19077,40.34,0.0020184,1.8435
2019-12-25,7204.63,125.09,0.18852,40.08,0.00204,1.7826
2019-12-26,7202.0,125.58,0.18923,40.01,0.0020245,1.8539
2019-12-27,7254.74,126.29,0.19003,40.95,0.0020277,1.8751
2019-12-28,7316.14,128.11,0.1932,42.83,0.0020458,1.8746
2019-12-29,7388.24,134.36,0.19653,43.08,0.0020329,1.8976
2019-12-30,7246.0,131.59,0.19326,42.38,0.0020264,1.8243
2019-12-31,7195.23,129.16,0.19295,41.3,0.0020135,1.7673
2020-01-01,7200.85,130.77,0.19305,41.62,0.0020245,1.8111
2020-01-02,6965.71,127.19,0.1875,39.43,0.0019951,1.7366
2020-01-03,7344.96,134.35,0.19338,42.23,0.0020236,1.804
2020-01-04,7354.11,134.2,0.19305,42.78,0.0020579,1.8242
2020-01-05,7358.75,135.37,0.19453,43.3,0.0020696,1.7957
2020-01-06,7758.0,144.15,0.2231,45.8,0.0021344,1.9374
2020-01-07,8145.28,142.8,0.21335,46.3,0.002175,2.1033
2020-01-08,8055.98,140.72,0.2075,45.35,0.0020886,2.1892
2020-01-09,7817.76,137.74,0.20373,44.74,0.0021282,2.1886
2020-01-10,8197.02,144.84,0.21284,49.06,0.0021973,2.2257
2020-01-11,8020.01,142.38,0.21121,49.3,0.0021754,2.2734
2020-01-12,8184.98,146.54,0.21539,51.43,0.0021963,2.2383
2020-01-13,8110.34,143.58,0.21134,49.6,0.0021704,2.1901
2020-01-14,8810.01,165.64,0.23464,58.39,0.0023581,2.3751
2020-01-15,8821.41,166.4,0.23367,58.16,0.0023669,2.3953
2020-01-16,8720.01,164.21,0.229,57.56,0.0023276,2.4925
2020-01-17,8913.28,169.85,0.23921,61.02,0.0024868,2.7006
2020-01-18,8915.96,174.14,0.24357,59.32,0.0025115,2.7709
2020-01-19,8701.7,166.79,0.23558,57.6,0.0023982,2.6212
2020-01-20,8642.35,166.87,0.23314,57.19,0.002376,2.688
2020-01-21,8736.03,169.49,0.23726,57.57,0.0023673,2.6716
2020-01-22,8682.36,168.07,0.23733,58.33,0.0023434,2.6426
2020-01-23,8404.52,162.81,0.22586,54.52,0.0022514,2.4698
2020-01-24,8439.0,162.54,0.22222,54.38,0.0022698,2.5024
2020-01-25,8340.58,160.35,0.21946,53.25,0.002251,2.4468
2020-01-26,8615.0,167.86,0.23131,56.24,0.0022854,2.5764
2020-01-27,8907.57,170.08,0.23077,58.55,0.0023594,2.6055
2020-01-28,9374.21,175.64,0.23906,60.52,0.0024412,2.6558
2020-01-29,9301.53,173.72,0.23539,59.8,0.0023865,2.7773
2020-01-30,9513.21,184.69,0.24376,67.98,0.002414,2.9156
2020-01-31,9352.89,179.99,0.23946,68.0,0.0023776,2.8259
2020-02-01,9384.61,183.6,0.24141,70.72,0.002417,2.8378
2020-02-02,9331.51,188.44,0.25093,69.93,0.0024406,2.8267
2020-02-03,9292.24,189.69,0.25453,69.65,0.0024156,2.771
2020-02-04,9197.02,188.91,0.26737,68.07,0.0025169,2.7395
2020-02-05,9612.04,203.78,0.27774,72.59,0.0025826,2.839
2020-02-06,9772.0,213.19,0.28325,73.6,0.0026654,2.89
2020-02-07,9813.73,223.33,0.27953,74.3,0.0027888,3.3072
2020-02-08,9895.05,223.05,0.27735,76.56,0.003171,3.4171
2020-02-09,10151.75,228.49,0.28257,77.0,0.0032235,3.4945
2020-02-10,9851.83,222.89,0.27338,74.02,0.0029663,3.3862
2020-02-11,10223.08,236.69,0.281,76.46,0.00303,3.9931
2020-02-12,10326.46,265.74,0.30427,81.17,0.0030589,3.9953
2020-02-13,10229.63,268.32,0.32709,80.55,0.0030132,3.8765
2020-02-14,10344.36,285.15,0.33594,83.14,0.0031067,4.426
2020-02-15,9904.72,264.88,0.30729,76.7,0.0029031,4.3241
2020-02-16,9917.27,258.85,0.29224,74.67,0.0027522,4.4566
2020-02-17,9706.0,267.85,0.28736,73.41,0.0026999,4.3108
2020-02-18,10164.71,282.61,0.29827,77.25,0.0028286,4.5523
2020-02-19,9593.79,258.45,0.27466,70.61,0.0026085,4.3873
2020-02-20,9596.42,256.96,0.2709,69.4,0.002653,4.2644
2020-02-21,9677.05,265.27,0.27418,73.25,0.0026481,4.2778
2020-02-22,9650.86,261.57,0.27468,74.79,0.0025887,4.1066
2020-02-23,9936.4,274.48,0.28298,79.52,0.0026772,4.2365
2020-02-24,9656.13,265.52,0.2704,75.59,0.0025769,3.9148
2020-02-25,9315.84,246.67,0.25209,70.98,0.0024734,3.4905
2020-02-26,8785.25,223.93,0.22915,60.53,0.0023439,3.5648
2020-02-27,8823.21,227.79,0.2385,61.77,0.0023255,3.9579
2020-02-28,8692.91,226.76,0.23663,59.89,0.0022823,4.1609
2020-02-29,8523.61,217.21,0.22892,58.05,0.0022153,4.0579
2020-03-01,8531.88,217.81,0.22696,57.7,0.0022794,3.859
2020-03-02,8915.24,231.97,0.23958,61.42,0.0023471,4.2423
2020-03-03,8760.07,223.91,0.23428,61.01,0.0024985,4.5846
2020-03-04,8750.87,224.26,0.23453,60.38,0.0024187,4.6406
2020-03-05,9054.68,228.38,0.23909,62.06,0.0024771,4.7151
2020-03-06,9131.88,244.88,0.24477,63.22,0.0024862,4.6814
2020-03-07,8886.66,237.23,0.23622,60.46,0.0024066,4.3412
2020-03-08,8033.31,199.43,0.20385,51.0,0.0021671,4.0537
2020-03-09,7929.87,202.81,0.20952,50.39,0.0022203,4.1231
2020-03-10,7894.56,200.7,0.21185,50.26,0.0022053,4.0839
2020-03-11,7934.52,194.61,0.20813,48.53,0.0021716,3.8169
2020-03-12,4800.0,107.82,0.13549,29.83,0.0015996,1.9931
2020-03-13,5578.6,134.06,0.15872,37.52,0.001746,2.4333
2020-03-14,5172.06,122.54,0.14588,34.4,0.0016632,2.1379
2020-03-15,5361.3,123.78,0.15308,36.38,0.0016932,2.0884
2020-03-16,5028.97,111.02,0.14102,33.2,0.0015817,1.7832
2020-03-17,5312.64,115.67,0.14694,34.07,0.0016219,1.8641
2020-03-18,5393.04,118.11,0.1476,34.71,0.0016002,1.9483
2020-03-19,6162.37,136.3,0.1646,38.9,0.00177,2.2398
2020-03-20,6208.36,133.48,0.15695,38.08,0.0017802,2.26
2020-03-21,6186.98,132.66,0.15797,38.32,0.0017849,2.2787
2020-03-22,5816.19,122.32,0.14776,35.4,0.0017264,1.9898
2020-03-23,6467.31,135.92,0.15854,38.94,0.0018192,2.2468
2020-03-24,6744.72,138.42,0.16225,40.57,0.0018641,2.3104
2020-03-25,6677.43,136.1,0.16168,39.17,0.0018296,2.257
2020-03-26,6737.36,138.4,0.17593,40.41,0.0018519,2.3132
2020-03-27,6359.11,131.33,0.17269,38.04,0.0017766,2.1373
2020-03-28,6236.65,130.98,0.17543,38.87,0.001783,2.1364
2020-03-29,5881.42,124.5,0.16278,37.11,0.0017099,2.0083
2020-03-30,6394.38,132.06,0.17112,38.91,0.0017957,2.135
2020-03-31,6410.44,132.72,0.17353,39.08,0.0018041,2.2658
2020-04-01,6642.92,135.69,0.17494,39.23,0.0018631,2.2753
2020-04-02,6794.09,141.28,0.17828,39.86,0.0018777,2.2941
2020-04-03,6734.1,141.31,0.17957,40.46,0.0018467,2.3013
2020-04-04,6856.99,144.1,0.18114,40.71,0.0018697,2.3155
2020-04-05,6772.78,142.68,0.17925,40.31,0.00185,2.2635
2020-04-06,7329.9,171.32,0.19803,45.04,0.0019896,2.5555
2020-04-07,7197.32,164.63,0.19285,44.77,0.0019943,2.7303
2020-04-08,7361.28,173.11,0.20192,46.55,0.0020038,3.1693
2020-04-09,7283.54,169.52,0.19829,46.21,0.0020151,3.3099
2020-04-10,6858.92,157.81,0.18758,42.25,0.001965,3.22
2020-04-11,6876.83,158.33,0.1885,42.54,0.0019645,3.29
2020-04-12,6903.79,158.59,0.18939,42.0,0.0019673,3.4189
2020-04-13,6837.91,156.29,0.18763,41.22,0.0019533,3.3702
2020-04-14,6868.7,158.45,0.18613,41.22,0.0019656,3.252
2020-04-15,6621.24,152.73,0.1805,39.22,0.0019061,3.1212
2020-04-16,7101.94,172.29,0.19053,42.53,0.001995,3.4851
2020-04-17,7027.55,170.69,0.18863,42.19,0.001983,3.4523
2020-04-18,7248.6,187.4,0.19544,44.14,0.0020445,3.7805
2020-04-19,7120.74,180.03,0.18901,42.23,0.0020313,3.5902
2020-04-20,6826.83,170.2,0.18151,40.21,0.0019787,3.4322
2020-04-21,6841.37,170.74,0.18341,40.59,0.00195,3.4577
2020-04-22,7125.14,182.7,0.18804,41.8,0.0019957,3.6786
2020-04-23,7482.39,185.51,0.1926,42.98,0.0020512,3.7533
2020-04-24,7505.0,187.59,0.19325,44.53,0.0020832,3.7735
2020-04-25,7538.67,194.21,0.19418,44.38,0.0021245,3.7865
2020-04-26,7693.1,197.38,0.19618,44.52,0.0024076,3.721
2020-04-27,7774.62,196.34,0.19747,44.46,0.0023456,3.6383
2020-04-28,7738.98,196.24,0.21416,45.69,0.002327,3.6413
2020-04-29,8778.57,215.36,0.22648,48.81,0.0024912,3.8879
2020-04-30,8620.0,206.08,0.21135,46.33,0.002433,3.7025
2020-05-01,8826.96,212.02,0.21786,47.07,0.0024749,3.7571
2020-05-02,8972.05,213.9,0.22369,49.2,0.002542,3.8182
2020-05-03,8894.16,209.86,0.21936,48.05,0.0025001,3.7092
2020-05-04,8871.96,206.48,0.21776,46.96,0.0024605,3.7499
2020-05-05,9021.83,205.29,0.21688,46.54,0.0024738,3.6833
2020-05-06,9142.92,198.97,0.21158,44.94,0.0024801,3.5872
2020-05-07,9986.4,212.0,0.21862,47.37,0.0026627,3.756
2020-05-08,9800.01,211.31,0.21865,47.69,0.0026052,3.801
2020-05-09,9539.4,210.07,0.21642,46.95,0.0026075,4.015
2020-05-10,8722.77,187.54,0.19702,42.06,0.0024602,3.7582
2020-05-11,8561.52,185.73,0.19254,41.51,0.0024125,3.5837
2020-05-12,8810.79,189.76,0.19711,42.18,0.0024606,3.6943
2020-05-13,9309.37,199.58,0.20177,43.18,0.0025245,3.7655
2020-05-14,9791.98,203.29,0.20386,43.98,0.0025813,3.8096
2020-05-15,9316.42,194.86,0.19818,42.74,0.0024888,3.6615
2020-05-16,9381.27,200.45,0.19969,43.25,0.0025098,3.7614
2020-05-17,9680.04,207.0,0.20131,43.71,0.0025331,3.7815
2020-05-18,9733.93,214.91,0.20543,45.32,0.0025379,3.8895
2020-05-19,9775.53,214.58,0.20496,45.73,0.0025487,3.947
2020-05-20,9511.43,209.98,0.20179,44.25,0.0025002,4.0866
2020-05-21,9068.65,198.74,0.19434,42.73,0.0024774,3.8298
2020-05-22,9170.0,207.36,0.20034,44.23,0.0025175,4.0611
2020-05-23,9179.15,206.6,0.19883,43.85,0.0025271,3.925
2020-05-24,8720.34,199.9,0.19256,42.08,0.0024461,3.7917
2020-05-25,8900.35,204.15,0.19622,42.97,0.0025324,3.8614
2020-05-26,8841.18,200.89,0.19372,42.27,0.0024781,3.844
2020-05-27,9204.07,208.29,0.19791,43.85,0.0024998,3.8526
2020-05-28,9575.89,220.21,0.20052,44.77,0.002523,4.0461
2020-05-29,9427.07,220.67,0.19759,44.47,0.0025303,3.98
2020-05-30,9697.72,243.66,0.20701,47.72,0.002618,4.1763
2020-05-31,9448.27,231.57,0.20245,45.61,0.0025599,4.131
2020-06-01,10200.77,248.23,0.211,48.25,0.0026452,4.3785
2020-06-02,9518.04,237.71,0.20301,45.99,0.0025666,4.3976
2020-06-03,9666.24,244.52,0.2041,47.16,0.0025867,4.4892
2020-06-04,9789.06,243.21,0.20427,47.43,0.002623,4.4243
2020-06-05,9621.16,240.03,0.20274,46.83,0.0025907,4.358
2020-06-06,9666.3,241.94,0.20361,46.79,0.0025926,4.3512
2020-06-07,9746.99,244.56,0.20329,46.63,0.0025987,4.3465
2020-06-08,9782.01,246.4,0.20403,46.43,0.0025786,4.473
2020-06-09,9772.43,243.8,0.20127,45.87,0.0025586,4.435
2020-06-10,9885.0,247.78,0.20266,46.63,0.0025761,4.4225
2020-06-11,9280.4,230.51,0.18817,43.22,0.0024463,3.9565
2020-06-12,9465.13,237.55,0.19307,44.72,0.0025,4.0819
2020-06-13,9473.34,238.11,0.19234,45.08,0.0025241,4.11
2020-06-14,9342.1,231.77,0.19022,44.05,0.0024972,3.9371
2020-06-15,9426.02,230.86,0.19238,43.73,0.0024743,3.9274
2020-06-16,9525.59,235.3,0.19238,43.88,0.0024855,4.0502
2020-06-17,9465.14,233.82,0.19315,44.07,0.0024806,4.1659
2020-06-18,9386.32,231.27,0.18975,43.43,0.0024575,4.1415
2020-06-19,9310.23,229.0,0.18722,42.89,0.0024399,4.098
2020-06-20,9358.95,228.89,0.18792,43.57,0.0024419,4.1765
2020-06-21,9294.69,228.04,0.18602,43.0,0.0024295,4.1812
2020-06-22,9685.69,243.13,0.18928,44.3,0.0024731,4.4841
2020-06-23,9624.89,243.14,0.18889,44.18,0.0024686,4.8051
2020-06-24,9296.49,234.58,0.18348,42.65,0.0024193,4.7075
2020-06-25,9249.49,232.5,0.18156,42.35,0.0024081,4.8134
2020-06-26,9162.21,229.64,0.18249,43.09,0.0023593,4.6813
2020-06-27,9012.0,220.94,0.17509,41.06,0.0023045,4.4058
2020-06-28,9116.35,224.93,0.17693,41.37,0.0023142,4.5668
2020-06-29,9192.56,227.93,0.17726,41.87,0.0023077,4.6187
2020-06-30,9138.55,225.6,0.17533,41.17,0.0023185,4.5626
2020-07-01,9232.0,230.99,0.17647,41.77,0.0023203,4.7067
2020-07-02,9086.54,226.46,0.17477,41.05,0.002322,4.7996
2020-07-03,9058.26,224.87,0.1762,41.14,0.0023139,4.7309
2020-07-04,9135.46,229.17,0.17808,42.11,0.0023012,4.82
2020-07-05,9069.41,227.56,0.17695,41.58,0.0023029,4.7439
2020-07-06,9344.2,241.6,0.18875,44.06,0.0026193,5.3617
2020-07-07,9257.39,239.39,0.18508,43.39,0.003136,5.7248
2020-07-08,9436.06,246.95,0.20551,45.35,0.0047657,6.4987
2020-07-09,9232.43,241.98,0.20263,44.33,0.0043214,6.082
2020-07-10,9288.34,241.26,0.19909,44.3,0.0035313,6.1488
2020-07-11,9234.03,239.19,0.2011,44.69,0.0038041,6.0994
2020-07-12,9302.75,242.79,0.20128,44.7,0.0036358,7.3345
2020-07-13,9242.62,239.5,0.19867,43.92,0.0031677,7.163
2020-07-14,9255.85,240.44,0.19909,43.88,0.0032888,8.1321
2020-07-15,9197.6,238.61,0.19721,43.33,0.0030868,8.6494
2020-07-16,9133.72,233.57,0.19444,42.09,0.0029808,8.354
2020-07-17,9154.32,232.67,0.1944,41.9,0.0030528,8.2605
2020-07-18,9170.28,235.67,0.1999,42.45,0.003449,7.9734
2020-07-19,9208.99,239.11,0.19956,42.64,0.0033811,8.0784
2020-07-20,9160.78,236.01,0.19465,41.94,0.0032201,7.2301
2020-07-21,9390.0,245.59,0.19949,43.77,0.0032979,7.3101
2020-07-22,9518.16,263.74,0.20348,44.96,0.0032868,7.4689
2020-07-23,9603.27,275.3,0.20851,44.94,0.0032997,7.8983
2020-07-24,9537.8,279.15,0.20392,44.11,0.0032113,7.4284
2020-07-25,9700.42,305.26,0.21463,49.16,0.0032475,7.672
2020-07-26,9931.54,311.0,0.21532,48.1,0.0032323,7.5022
2020-07-27,11029.96,321.93,0.22437,53.28,0.0031694,7.1
2020-07-28,10906.27,316.77,0.23029,55.75,0.003188,7.2333
2020-07-29,11100.53,317.71,0.24327,55.16,0.0031663,7.0876
2020-07-30,11099.61,334.87,0.24408,56.75,0.0032281,7.4093
2020-07-31,11335.46,346.33,0.25939,58.13,0.003224,7.8033
2020-08-01,11801.17,387.0,0.29089,61.65,0.0037144,8.3248
2020-08-02,11071.35,372.42,0.28803,56.77,0.0033312,8.2814
2020-08-03,11219.81,385.94,0.31016,58.48,0.0033818,9.2502
2020-08-04,11191.97,389.61,0.30138,57.61,0.0035458,9.8687
2020-08-05,11744.91,400.72,0.30228,58.88,0.0035028,9.5253
2020-08-06,11762.46,394.77,0.30311,59.03,0.00356,10.2343
2020-08-07,11594.23,379.34,0.29437,57.17,0.003496,10.1286
2020-08-08,11761.41,397.03,0.29527,58.46,0.0035134,12.7093
2020-08-09,11681.68,390.14,0.2879,56.96,0.0034664,13.8104
2020-08-10,11892.92,395.44,0.29469,58.27,0.0034952,13.4722
2020-08-11,11392.08,379.0,0.2831,54.1,0.0033906,12.9971
2020-08-12,11564.33,387.18,0.28233,54.52,0.0034606,16.4635
2020-08-13,11780.0,424.54,0.2942,57.14,0.0034877,17.1883
2020-08-14,11760.54,438.11,0.29995,56.78,0.0035731,16.9574
2020-08-15,11852.4,432.32,0.29884,59.85,0.0035328,19.2285
2020-08-16,11911.0,433.62,0.30455,63.87,0.0035302,18.8061
2020-08-17,12281.13,430.89,0.31539,67.22,0.0035877,16.8196
2020-08-18,11945.01,421.95,0.30251,65.4,0.003476,16.1927
2020-08-19,11754.59,407.46,0.28975,62.12,0.0034196,16.1863
2020-08-20,11853.55,415.94,0.29218,62.8,0.0034399,16.0483
2020-08-21,11531.34,387.97,0.27933,59.2,0.0033776,13.8325
2020-08-22,11662.96,395.24,0.28592,60.21,0.0034331,15.8078
2020-08-23,11648.13,390.71,0.2848,60.55,0.0033955,15.1428
2020-08-24,11748.2,407.68,0.2884,62.02,0.0034116,15.1419
2020-08-25,11318.42,382.93,0.27625,58.34,0.0032907,14.1164
2020-08-26,11461.43,385.81,0.27653,58.1,0.0032939,15.2
2020-08-27,11330.38,383.27,0.26469,56.1,0.0031997,14.5234
2020-08-28,11526.91,395.11,0.27174,57.38,0.0032637,15.1207
2020-08-29,11465.84,398.65,0.2738,56.97,0.0032749,16.3612
2020-08-30,11711.16,428.94,0.28302,62.89,0.0032981,16.4788
2020-08-31,11649.51,433.79,0.28115,60.92,0.0032073,15.5772
2020-09-01,11921.97,475.4,0.29521,62.69,0.0032411,16.0333
2020-09-02,11388.54,439.5,0.27595,58.06,0.0031161,14.7982
2020-09-03,10140.85,381.4,0.24409,47.28,0.0027692,11.8895
2020-09-04,10446.25,385.26,0.25385,50.32,0.0028797,12.3708
2020-09-05,10166.69,335.01,0.23738,47.83,0.002764,10.6017
2020-09-06,10256.2,352.8,0.23986,47.92,0.0027859,12.8044
2020-09-07,10373.44,353.59,0.24198,48.84,0.0028151,12.47
2020-09-08,10126.65,337.39,0.23657,47.47,0.002747,11.746
2020-09-09,10219.2,350.85,0.23901,47.82,0.002779,12.3444
2020-09-10,10336.87,367.93,0.24302,48.67,0.0028077,12.4957
2020-09-11,10387.89,373.63,0.24252,48.96,0.0027956,12.4406
2020-09-12,10440.92,387.78,0.24752,50.8,0.0028141,12.7187
2020-09-13,10332.83,366.42,0.24218,48.15,0.002783,12.067
2020-09-14,10671.77,377.12,0.24564,49.08,0.0027851,12.1374
2020-09-15,10785.31,364.06,0.24331,48.31,0.0028278,10.9314
2020-09-16,10954.01,365.11,0.24686,47.76,0.0028053,10.7367
2020-09-17,10939.99,389.36,0.25214,48.85,0.0028078,11.0139
2020-09-18,10933.39,384.39,0.25065,48.54,0.0027892,10.094
2020-09-19,11080.65,385.25,0.25112,48.52,0.0027901,10.1209
2020-09-20,10920.28,371.04,0.24652,47.09,0.0027729,9.7357
2020-09-21,10417.22,340.36,0.23102,43.16,0.0025972,8.7114
2020-09-22,10529.61,344.21,0.23302,44.47,0.0026432,8.7401
2020-09-23,10241.46,320.72,0.22164,42.96,0.0025444,7.6364
2020-09-24,10736.32,348.97,0.23276,44.92,0.0026297,9.87
2020-09-25,10686.67,351.92,0.24154,46.02,0.0027015,10.7279
2020-09-26,10728.6,353.92,0.24153,46.03,0.0026972,10.3169
2020-09-27,10774.25,357.49,0.24334,46.05,0.0026954,10.7939
2020-09-28,10696.12,353.96,0.24107,45.23,0.0026504,10.283
2020-09-29,10840.48,359.79,0.24285,45.69,0.0026727,10.135
2020-09-30,10776.59,359.83,0.24171,46.24,0.002635,9.8694
2020-10-01,10619.13,352.85,0.23819,46.25,0.0026246,9.6394
2020-10-02,10570.4,345.6,0.23386,44.88,0.0025902,9.2167
2020-10-03,10542.06,345.95,0.23273,45.51,0.0025955,9.269
2020-10-04,10666.63,352.37,0.24794,46.69,0.002633,9.3922
2020-10-05,10792.21,353.62,0.2503,46.34,0.0026182,9.6176
2020-10-06,10599.66,340.75,0.24545,45.99,0.002597,8.7689
2020-10-07,10666.39,341.58,0.2487,46.55,0.0025895,8.9799
2020-10-08,10925.57,350.95,0.25141,47.21,0.0026098,9.5594
2020-10-09,11050.64,365.02,0.25293,47.78,0.0026556,10.3959
2020-10-10,11293.22,370.52,0.25402,48.88,0.0026621,10.5198
2020-10-11,11369.02,374.16,0.25544,50.48,0.0026701,10.8515
2020-10-12,11528.25,386.51,0.25603,50.58,0.002667,11.4259
2020-10-13,11420.56,381.04,0.2565,49.89,0.0026385,11.0016
2020-10-14,11417.89,378.69,0.24906,49.79,0.002639,10.8896
2020-10-15,11505.12,377.64,0.24596,49.53,0.0025953,10.7483
2020-10-16,11319.32,365.5,0.24011,47.6,0.002604,10.5877
2020-10-17,11360.2,368.32,0.24057,46.93,0.0025834,10.6267
2020-10-18,11503.14,378.11,0.24221,47.54,0.0025874,10.9409
2020-10-19,11751.47,379.3,0.24558,47.99,0.0025921,10.9147
2020-10-20,11909.99,368.52,0.24322,46.88,0.0025944,9.8589
2020-10-21,12780.96,390.38,0.25088,52.98,0.002623,10.7863
2020-10-22,12968.52,413.98,0.25709,54.35,0.002646,11.9539
2020-10-23,12923.07,409.11,0.25471,55.42,0.0026423,12.1586
2020-10-24,13111.73,412.14,0.2562,59.23,0.0026365,12.7001
2020-10-25,13028.83,405.86,0.25313,58.84,0.0026528,12.1481
2020-10-26,13052.19,392.52,0.2481,56.82,0.002665,11.7096
2020-10-27,13636.17,403.45,0.25273,57.91,0.0026702,11.9224
2020-10-28,13266.4,388.23,0.2454,55.77,0.0025801,11.4403
2020-10-29,13455.7,387.13,0.24239,54.87,0.0025733,11.2772
2020-10-30,13560.1,382.49,0.23905,54.01,0.0025833,11.09
2020-10-31,13791.0,386.46,0.23968,55.72,0.0025666,11.2277
2020-11-01,13761.5,396.67,0.23999,55.6,0.0025745,11.5722
2020-11-02,13549.37,383.02,0.23523,53.8,0.0025162,10.7814
2020-11-03,14023.53,387.88,0.2396,53.96,0.0025141,10.3911
2020-11-04,14144.01,402.49,0.23758,54.67,0.002546,10.4713
2020-11-05,15590.02,416.69,0.24561,58.95,0.0026347,10.9794
2020-11-06,15579.92,455.91,0.25863,63.2,0.002757,12.1687
2020-11-07,14818.3,435.21,0.2491,58.9,0.00267,11.7638
2020-11-08,15475.1,454.3,0.25374,61.02,0.002707,12.71
2020-11-09,15328.41,444.32,0.25059,59.23,0.002672,12.5107
2020-11-10,15297.21,450.34,0.2538,57.93,0.002761,13.0017
2020-11-11,15684.24,463.09,0.25581,59.27,0.002758,12.753
2020-11-12,16291.86,462.39,0.2549,60.72,0.0027788,12.4038
2020-11-13,16320.7,476.43,0.2659,65.96,0.0028114,12.8687
2020-11-14,16070.45,460.89,0.26824,63.85,0.0027689,12.5574
2020-11-15,15957.0,448.08,0.26954,62.28,0.0027718,12.1192
2020-11-16,16713.57,460.55,0.28813,73.84,0.00289,12.6223
2020-11-17,17659.38,482.15,0.30247,76.32,0.0029398,13.3944
2020-11-18,17776.12,478.41,0.29335,73.42,0.0029085,13.5598
2020-11-19,17802.82,471.25,0.30358,81.53,0.0029068,13.6187
2020-11-20,18655.67,510.12,0.32991,82.53,0.002987,14.0933
2020-11-21,18703.8,552.35,0.46283,87.14,0.0035132,15.4511
2020-11-22,18414.43,560.03,0.44611,82.87,0.0033415,14.5098
2020-11-23,18368.0,608.58,0.61579,89.03,0.0036845,15.2746
2020-11-24,19160.01,604.97,0.694,89.25,0.0042592,15.6703
2020-11-25,18719.11,569.5,0.63022,81.75,0.0037081,14.2016
2020-11-26,17149.47,519.83,0.53654,71.0,0.0032492,12.603
2020-11-27,17139.52,518.68,0.5623,69.15,0.0032752,12.4989
2020-11-28,17719.85,537.52,0.62579,72.7,0.0033945,13.0853
2020-11-29,18184.99,576.3,0.60543,78.91,0.0034365,13.38
2020-11-30,19695.87,616.66,0.66417,87.65,0.003561,14.2677
2020-12-01,18764.96,585.26,0.61088,85.08,0.0033211,13.3461
2020-12-02,19204.09,596.89,0.62972,88.9,0.0033624,13.9799
2020-12-03,19421.9,615.85,0.63046,89.0,0.003429,13.9749
2020-12-04,18650.52,567.24,0.55367,79.52,0.003283,12.68
2020-12-05,19147.66,596.8,0.58517,83.14,0.0033917,13.1748
2020-12-06,19359.4,601.54,0.62107,83.55,0.0033857,13.5057
2020-12-07,19166.9,591.28,0.60818,83.37,0.003336,13.0704
2020-12-08,18324.11,554.94,0.5589,76.76,0.0031723,12.1356
2020-12-09,18541.28,573.09,0.58265,77.41,0.0031562,12.6212
2020-12-10,18254.63,558.99,0.57267,74.7,0.0031043,11.9172
2020-12-11,18036.53,544.43,0.54945,72.2,0.0030732,11.6335
2020-12-12,18808.69,568.04,0.50658,76.67,0.0031609,12.2259
2020-12-13,19174.99,590.7,0.51365,82.28,0.00326,12.9392
2020-12-14,19273.14,586.29,0.4974,82.35,0.003226,12.8502
2020-12-15,19426.43,588.64,0.46793,81.32,0.0032078,12.6818
2020-12-16,21335.52,637.18,0.56941,92.94,0.0034183,13.4852
2020-12-17,22797.16,642.7,0.5769,101.01,0.003722,13.444
2020-12-18,23107.39,653.85,0.58337,109.34,0.0038675,13.5001
2020-12-19,23821.61,658.03,0.57666,119.85,0.0039291,13.4747
2020-12-20,23455.52,638.18,0.55586,114.58,0.0046381,13.0604
2020-12-21,22719.71,607.58,0.51445,104.45,0.0047784,12.3049
2020-12-22,23810.79,636.45,0.44642,114.32,0.0045159,12.7842
2020-12-23,23232.76,585.56,0.2605,102.45,0.0037449,10.9736
2020-12-24,23729.2,612.31,0.33863,111.13,0.0045731,11.5724
2020-12-25,24712.47,626.82,0.31768,127.78,0.0045549,11.5543
2020-12-26,26493.39,637.44,0.29481,129.61,0.0045131,10.9809
2020-12-27,26281.66,685.11,0.28407,127.88,0.004547,12.1541
2020-12-28,27079.41,730.41,0.24845,129.83,0.0046015,12.6081
2020-12-29,27385.0,732.0,0.22142,128.8,0.0045012,11.7786
2020-12-30,28875.54,752.17,0.21138,130.05,0.0046251,11.2435
2020-12-31,28923.63,736.42,0.21959,124.21,0.0046709,11.2364
2021-01-01,29331.69,728.91,0.23746,126.24,0.00568,11.8477
2021-01-02,32178.33,774.56,0.22064,136.96,0.0105264,12.2215
2021-01-03,33000.05,978.28,0.2254,161.24,0.0098209,13.6814
2021-01-04,31988.71,1041.43,0.23565,155.34,0.0097613,13.5935
2021-01-05,33949.53,1099.56,0.22573,158.43,0.00997,14.5162
2021-01-06,36769.36,1208.42,0.24854,168.92,0.01042,17.2322
2021-01-07,39432.28,1224.87,0.32389,169.35,0.0097439,15.9628
2021-01-08,40582.81,1216.93,0.32032,172.19,0.00974,15.2381
2021-01-09,40088.22,1276.0,0.32419,177.26,0.0101789,17.5501
2021-01-10,38150.02,1254.25,0.31491,170.07,0.00982,16.206
2021-01-11,35404.47,1087.01,0.28743,138.87,0.0088326,14.6393
2021-01-12,34051.24,1050.16,0.29254,133.42,0.0080807,13.9655
2021-01-13,37371.38,1129.89,0.30582,147.38,0.0086738,15.9356
2021-01-14,39144.5,1231.62,0.29642,152.5,0.0093907,17.9804
2021-01-15,36742.22,1168.53,0.27991,143.65,0.0093525,20.7375
2021-01-16,35994.98,1227.83,0.27924,143.52,0.0092374,20.1054
2021-01-17,35828.61,1232.45,0.27746,142.8,0.0090987,23.2819
2021-01-18,36631.27,1258.45,0.28528,151.96,0.0091782,22.0336
2021-01-19,35891.49,1365.36,0.29396,151.86,0.0090428,20.5557
2021-01-20,35468.23,1376.99,0.29539,149.69,0.0090487,21.8482
2021-01-21,30850.13,1110.96,0.26802,129.72,0.0081581,18.4119
2021-01-22,32945.17,1232.62,0.27217,137.66,0.0085075,21.5519
2021-01-23,32078.0,1233.6,0.27167,137.67,0.0085779,24.8046
2021-01-24,32259.9,1392.51,0.27339,141.01,0.0087135,24.7935
2021-01-25,32254.2,1317.88,0.26757,137.07,0.0083509,23.3418
2021-01-26,32467.77,1365.97,0.26834,134.67,0.0082472,23.0981
2021-01-27,30366.15,1239.03,0.25039,122.44,0.0074124,20.9586
2021-01-28,33364.86,1329.69,0.26407,133.27,0.0364995,23.0145
2021-01-29,34252.2,1379.5,0.2829,134.65,0.0459059,22.748
2021-01-30,34262.88,1378.05,0.44372,133.36,0.02826,23.6399
2021-01-31,33092.98,1312.55,0.49507,129.36,0.037,22.5613
2021-02-01,33526.37,1374.17,0.37106,132.0,0.0348173,22.8757
2021-02-02,35466.24,1511.87,0.37254,141.98,0.0313489,23.6582
2021-02-03,37618.87,1664.49,0.39721,155.93,0.0372597,25.087
2021-02-04,36936.66,1595.67,0.44545,145.07,0.0529081,24.492
2021-02-05,38290.24,1719.19,0.45219,155.05,0.0467193,26.3034
2021-02-06,39186.94,1676.35,0.44307,155.57,0.0576559,25.0231
2021-02-07,38795.69,1611.62,0.41849,150.76,0.0779247,24.7254
2021-02-08,46374.87,1750.15,0.45099,167.28,0.0787,25.4115
2021-02-09,46420.42,1769.13,0.47636,181.49,0.0700121,27.6034
2021-02-10,44807.58,1740.78,0.50429,181.56,0.0725527,26.8121
2021-02-11,47969.51,1785.62,0.52806,183.62,0.069583,27.8475
2021-02-12,47287.6,1840.26,0.609,196.69,0.0697675,30.6265
2021-02-13,47153.69,1814.96,0.63309,225.76,0.0662405,34.1941
2021-02-14,48577.79,1800.42,0.59211,213.49,0.0626783,33.1565
2021-02-15,47911.1,1779.25,0.54976,207.83,0.0565,32.5899
2021-02-16,49133.45,1781.99,0.51995,210.26,0.053476,31.9632
2021-02-17,52119.71,1849.88,0.53467,237.49,0.0495187,32.2324
2021-02-18,51552.6,1939.61,0.53204,226.59,0.0587991,32.4801
2021-02-19,55906.0,1955.0,0.56465,236.5,0.055033,34.6846
2021-02-20,55841.19,1913.0,0.51167,226.65,0.0541708,33.9387
2021-02-21,57408.57,1933.53,0.54468,227.13,0.0560183,34.0915
2021-02-22,54087.67,1777.58,0.56646,208.32,0.0535557,31.4542
2021-02-23,48891.0,1577.89,0.47579,177.34,0.0476562,25.9249
2021-02-24,49676.2,1623.39,0.4686,181.43,0.0567911,28.0851
2021-02-25,47073.73,1481.75,0.43601,179.36,0.0499138,24.7144
2021-02-26,46276.87,1444.59,0.42788,170.25,0.0504768,25.1862
2021-02-27,46106.43,1458.13,0.43589,171.76,0.0500725,26.1896
2021-02-28,45135.66,1419.18,0.41565,165.22,0.0481582,24.7016
2021-03-01,49587.03,1569.86,0.44537,175.89,0.0505933,27.7116
2021-03-02,48440.65,1486.78,0.4357,179.08,0.050364,28.4769
2021-03-03,50349.37,1567.69,0.44846,187.64,0.0504146,29.85
2021-03-04,48374.09,1539.23,0.48096,180.67,0.0499865,27.6943
2021-03-05,48751.71,1528.31,0.45457,180.23,0.0495285,27.8343
2021-03-06,48882.2,1650.35,0.46285,182.85,0.0509588,28.1479
2021-03-07,50971.75,1726.16,0.46558,190.75,0.0519871,28.5932
2021-03-08,52375.17,1833.18,0.47412,191.85,0.0629738,31.8469
2021-03-09,54884.5,1870.51,0.4849,203.81,0.0579117,31.4914
2021-03-10,55851.59,1795.12,0.46155,200.29,0.0558692,29.9036
2021-03-11,57773.16,1825.78,0.45187,201.36,0.0559286,30.1166
2021-03-12,57221.72,1766.1,0.43934,220.84,0.0552731,28.3553
2021-03-13,61188.39,1922.35,0.45787,226.06,0.0627892,29.7384
2021-03-14,58968.31,1848.1,0.43905,213.94,0.058221,28.5469
2021-03-15,55605.2,1793.48,0.43574,200.59,0.0569691,27.5091
2021-03-16,56900.75,1805.12,0.46024,201.6,0.0586507,27.9099
2021-03-17,58912.97,1823.58,0.4698,205.98,0.057892,31.0579
2021-03-18,57648.16,1776.08,0.46893,199.7,0.0573485,29.3949
2021-03-19,58030.01,1809.1,0.46651,199.96,0.0582472,29.777
2021-03-20,58102.28,1806.1,0.52613,200.17,0.0588186,29.6465
2021-03-21,57351.56,1782.98,0.51651,195.31,0.0574781,29.2097
2021-03-22,54083.25,1680.97,0.5441,185.67,0.054888,27.2431
2021-03-23,54340.89,1668.08,0.5498,185.83,0.0533532,26.7813
2021-03-24,52303.65,1581.84,0.48021,176.05,0.0514996,24.8684
2021-03-25,51293.78,1585.74,0.51058,171.53,0.051266,25.535
2021-03-26,55025.59,1698.84,0.56357,183.45,0.053931,27.3927
2021-03-27,55817.14,1712.63,0.54752,184.06,0.054436,26.8766
2021-03-28,55777.63,1687.01,0.54552,184.24,0.0536656,26.6588
2021-03-29,57635.47,1816.74,0.56538,193.73,0.054124,28.0357
2021-03-30,58746.57,1840.46,0.5621,195.74,0.0540003,27.8301
2021-03-31,58740.55,1919.37,0.56982,196.7,0.0537699,29.4167
2021-04-01,58720.44,1968.05,0.57087,202.86,0.062151,30.0684
2021-04-02,58950.01,2133.69,0.60701,211.46,0.0575849,32.4864
2021-04-03,57051.94,2008.52,0.57831,195.23,0.0555113,29.293
2021-04-04,58202.01,2075.69,0.635,202.21,0.0573943,30.7471
2021-04-05,59129.99,2107.38,0.91584,221.48,0.0599992,32.3791
2021-04-06,57991.15,2112.21,1.09663,237.04,0.0644047,34.725
2021-04-07,55953.45,1963.47,0.91542,219.05,0.0587769,31.109
2021-04-08,58077.52,2080.46,1.05599,226.11,0.0617838,32.7884
2021-04-09,58142.54,2066.87,1.01721,221.12,0.0615878,31.5893
2021-04-10,59769.13,2133.49,1.3728,256.34,0.0637167,31.8944
2021-04-11,60002.43,2151.36,1.35118,252.31,0.07433,33.8811
2021-04-12,59860.0,2137.69,1.46843,244.42,0.0707343,33.108
2021-04-13,63575.0,2299.19,1.79611,267.59,0.094402,35.5217
2021-04-14,62959.53,2432.6,1.83468,278.86,0.1214329,41.3641
2021-04-15,63159.98,2514.04,1.75781,285.63,0.1823599,42.5601
2021-04-16,61334.8,2422.67,1.54805,308.43,0.3654434,41.9861
2021-04-17,60006.66,2317.6,1.53896,300.86,0.2822532,39.9137
2021-04-18,56150.01,2235.64,1.40797,273.36,0.3223299,39.0799
2021-04-19,55633.14,2161.12,1.30945,261.38,0.408903,35.7359
2021-04-20,56425.0,2330.03,1.38501,260.68,0.3173205,38.9954
2021-04-21,53787.63,2357.06,1.29097,257.69,0.3058251,36.2274
2021-04-22,51690.96,2397.94,1.15489,252.5,0.2606615,35.1306
2021-04-23,51125.14,2367.39,1.17073,241.31,0.2498155,35.2121
2021-04-24,50047.84,2213.35,1.04833,224.75,0.27,31.2443
2021-04-25,49066.77,2320.49,1.0351,223.88,0.25159,31.692
2021-04-26,54001.39,2532.6,1.3629,247.42,0.27161,35.13
2021-04-27,55011.97,2666.13,1.4017,259.77,0.27232,36.788
2021-04-28,54846.22,2748.24,1.3576,258.51,0.32311,36.233
2021-04-29,53555.0,2757.04,1.3978,255.31,0.30479,36.467
2021-04-30,57694.27,2772.42,1.5988,271.13,0.33746,38.1
2021-05-01,57800.37,2944.77,1.651,276.78,0.39087,41.257
2021-05-02,56578.21,2949.56,1.5605,268.88,0.37397,39.461
2021-05-03,57169.39,3431.04,1.5546,294.87,0.44142,42.052
2021-05-04,53200.01,3239.01,1.3877,305.23,0.53854,45.527
2021-05-05,57436.11,3524.26,1.6133,356.04,0.654,49.575
2021-05-06,56393.68,3489.73,1.6028,354.67,0.58106,47.154
2021-05-07,57314.75,3479.53,1.5793,344.89,0.68982,49.129
2021-05-08,58862.05,3910.26,1.5611,347.1,0.63708,48.597
2021-05-09,58240.84,3923.95,1.5345,387.8,0.57063,52.269
2021-05-10,55816.14,3945.88,1.3906,358.89,0.45074,46.334
2021-05-11,56670.02,4173.45,1.4786,377.6,0.49326,48.826
2021-05-12,49631.32,3823.21,1.2691,310.4,0.3916,41.622
2021-05-13,49670.97,3717.91,1.364,317.95,0.48945,43.287
2021-05-14,49841.45,4075.01,1.4,326.23,0.55971,46.567
2021-05-15,46762.99,3646.68,1.4904,300.3,0.50855,41.492
2021-05-16,46431.5,3582.1,1.4496,295.89,0.5137,40.67
2021-05-17,43538.04,3282.51,1.4946,281.53,0.4875,37.177
2021-05-18,42849.78,3375.07,1.5889,293.98,0.47574,42.566
2021-05-19,36690.09,2438.92,1.0568,185.93,0.32945,26.227
2021-05-20,40526.64,2768.62,1.1795,210.74,0.39758,30.606
2021-05-21,37252.01,2430.98,1.0062,179.97,0.35778,25.546
2021-05-22,37449.73,2294.87,0.9052,169.32,0.34199,23.296
2021-05-23,34655.25,2096.39,0.7898,142.39,0.30633,19.844
2021-05-24,38796.29,2648.43,0.993,185.32,0.36589,26.412
2021-05-25,38324.72,2705.11,0.9746,183.76,0.34598,27.503
2021-05-26,39241.91,2884.94,1.0316,198.91,0.35284,34.018
2021-05-27,38529.98,2742.23,0.9747,194.32,0.33403,31.732
2021-05-28,35663.49,2412.1,0.8985,177.33,0.31123,27.878
2021-05-29,34605.15,2278.74,0.8318,164.01,0.3028,25.365
2021-05-30,35641.27,2385.98,0.9058,170.51,0.30179,26.818
2021-05-31,37253.81,2706.15,1.0409,187.97,0.32557,32.098
2021-06-01,36693.09,2634.57,1.0108,182.99,0.37006,30.719
2021-06-02,37568.68,2706.22,1.0241,187.14,0.42338,30.67
2021-06-03,39246.79,2857.25,1.045,193.5,0.40078,32.198
2021-06-04,36829.0,2689.51,0.9683,178.44,0.37628,28.826
2021-06-05,35513.2,2627.73,0.923,172.94,0.3713,27.129
2021-06-06,35796.31,2711.92,0.947,176.41,0.37143,27.532
2021-06-07,33552.79,2592.05,0.8618,161.95,0.33146,24.584
2021-06-08,33380.81,2507.23,0.8731,160.63,0.32586,24.076
2021-06-09,37388.05,2610.18,0.9218,172.56,0.34318,25.585
2021-06-10,36675.72,2471.09,0.8686,168.16,0.32606,23.114
2021-06-11,37331.98,2354.01,0.8471,162.83,0.3187,21.478
2021-06-12,35546.11,2370.74,0.8326,161.8,0.31216,21.67
2021-06-13,39020.57,2509.33,0.8832,170.85,0.32394,23.312
2021-06-14,40516.29,2580.77,0.8906,179.89,0.32767,24.973
2021-06-15,40144.04,2543.54,0.8663,175.15,0.32028,24.482
2021-06-16,38349.01,2367.89,0.832,166.57,0.30775,23.044
2021-06-17,38092.97,2373.28,0.8419,167.08,0.30619,23.396
2021-06-18,35819.84,2234.09,0.7972,156.34,0.29328,21.233
2021-06-19,35483.72,2164.67,0.7582,152.49,0.28567,20.246
2021-06-20,35600.16,2243.47,0.7741,154.88,0.28054,21.646
2021-06-21,31608.93,1885.49,0.6067,124.46,0.17873,17.365
2021-06-22,32509.56,1879.28,0.5468,119.64,0.19072,16.85
2021-06-23,33678.07,1968.14,0.6383,129.1,0.23468,18.395
2021-06-24,34663.09,1989.52,0.6731,134.58,0.26377,19.06
2021-06-25,31584.45,1808.82,0.6111,125.0,0.23745,16.87
2021-06-26,32283.65,1829.64,0.6162,126.89,0.24583,16.952
2021-06-27,34700.34,1982.28,0.6484,132.6,0.2645,18.406
2021-06-28,34494.89,2084.41,0.6444,137.69,0.25707,18.83
2021-06-29,35911.73,2165.33,0.7063,144.2,0.26349,19.535
2021-06-30,35045.0,2275.68,0.7063,144.26,0.25391,19.516
2021-07-01,33504.69,2106.41,0.6591,137.02,0.24381,18.186
2021-07-02,33786.55,2154.13,0.6556,136.85,0.24505,18.274
2021-07-03,34669.13,2226.99,0.6732,140.17,0.24636,18.543
2021-07-04,35286.51,2322.69,0.696,144.95,0.24643,19.242
2021-07-05,33690.14,2196.53,0.6526,137.71,0.2311,18.362
2021-07-06,34220.01,2322.5,0.6648,138.87,0.23417,20.073
2021-07-07,33862.12,2316.57,0.6522,137.41,0.22386,19.788
2021-07-08,32875.71,2116.33,0.6215,132.15,0.2069,18.353
2021-07-09,33815.81,2146.99,0.6369,134.58,0.21963,18.656
2021-07-10,33502.87,2110.69,0.6246,133.99,0.21375,18.204
2021-07-11,34258.99,2140.45,0.6364,134.28,0.21597,18.383
2021-07-12,33086.63,2031.58,0.6288,133.38,0.20775,17.518
2021-07-13,32729.77,1940.15,0.6192,131.44,0.19997,16.87
2021-07-14,32820.02,1994.58,0.6197,131.07,0.19761,16.936
2021-07-15,31880.0,1919.51,0.5979,125.86,0.18534,15.764
2021-07-16,31383.87,1876.26,0.5893,120.65,0.17202,15.234
2021-07-17,31520.07,1899.59,0.5821,119.95,0.18734,15.352
2021-07-18,31778.56,1891.64,0.5866,119.17,0.18157,15.47
2021-07-19,30839.65,1818.73,0.557,113.13,0.17362,14.528
2021-07-20,29790.35,1786.03,0.5284,107.29,0.17047,13.742
2021-07-21,32144.51,1995.5,0.5719,117.74,0.19046,15.297
2021-07-22,32287.83,2024.56,0.592,120.67,0.19123,16.071
2021-07-23,33634.09,2124.25,0.6091,124.24,0.19489,16.502
2021-07-24,34258.14,2184.75,0.6085,125.99,0.19688,16.683
2021-07-25,35381.02,2189.79,0.6069,127.68,0.19793,16.746
2021-07-26,37237.6,2228.08,0.6234,131.06,0.20362,18.028
2021-07-27,39457.87,2299.49,0.6451,134.74,0.20585,19.489
2021-07-28,40019.56,2300.9,0.7327,140.42,0.20574,19.109
2021-07-29,40016.48,2382.92,0.7488,141.44,0.20502,19.37
2021-07-30,42206.37,2461.81,0.7521,145.51,0.20873,22.269
2021-07-31,41461.83,2531.05,0.746,144.37,0.20765,22.713
2021-08-01,39845.44,2555.69,0.7242,140.31,0.20424,22.062
2021-08-02,39147.82,2606.93,0.738,141.35,0.20327,23.472
2021-08-03,38207.05,2509.04,0.7136,138.49,0.19626,23.942
2021-08-04,39723.18,2724.78,0.731,142.57,0.20153,24.193
2021-08-05,40862.46,2826.99,0.7327,143.53,0.20095,24.057
2021-08-06,42836.87,2891.58,0.7474,147.95,0.20482,23.89
2021-08-07,44572.54,3160.31,0.8162,155.92,0.26189,24.694
2021-08-08,43794.37,3011.85,0.7788,149.69,0.23996,23.029
2021-08-09,46253.4,3160.52,0.817,166.31,0.25609,24.197
2021-08-10,45584.99,3141.66,0.8511,165.38,0.25732,24.537
2021-08-11,45511.0,3160.5,1.0105,170.6,0.26445,25.906
2021-08-12,44399.0,3045.96,0.966,165.38,0.26401,24.944
2021-08-13,47800.0,3322.32,1.0901,183.31,0.28667,27.748
2021-08-14,47068.51,3263.16,1.2791,182.76,0.29402,27.144
2021-08-15,46973.82,3307.09,1.2839,184.6,0.33984,27.901
2021-08-16,45901.29,3146.53,1.1855,177.93,0.31956,27.944
2021-08-17,44695.95,3011.72,1.0978,168.61,0.29933,26.146
2021-08-18,44705.29,3014.55,1.1431,166.65,0.3032,25.341
2021-08-19,46760.62,3184.12,1.2347,175.59,0.31778,27.096
2021-08-20,49322.47,3284.82,1.2629,183.59,0.32733,28.678
2021-08-21,48821.87,3223.43,1.2158,179.63,0.31662,27.844
2021-08-22,49239.22,3238.0,1.226,185.91,0.31467,27.982
2021-08-23,49488.85,3321.28,1.2457,187.01,0.31783,28.552
2021-08-24,47674.01,3170.62,1.1353,173.42,0.28864,25.728
2021-08-25,48973.32,3226.87,1.1735,177.75,0.29255,26.612
2021-08-26,46843.87,3093.2,1.0712,167.7,0.2684,24.39
2021-08-27,49069.9,3273.45,1.1918,176.2,0.2944,26.04
2021-08-28,48895.35,3244.48,1.1459,175.6,0.286,25.73
2021-08-29,48767.83,3223.47,1.1408,174.3,0.2809,25.76
2021-08-30,46982.91,3229.64,1.1002,167.3,0.272,25.04
2021-08-31,47100.89,3429.2,1.1856,171.5,0.2781,26.7
2021-09-01,48810.52,3826.82,1.2362,180.9,0.2943,29.72
2021-09-02,49246.64,3785.82,1.2533,183.3,0.2947,29.95
2021-09-03,49999.14,3938.11,1.2907,212.9,0.2961,30.75
2021-09-04,49915.64,3885.52,1.2548,211.9,0.2992,29.88
2021-09-05,51756.88,3950.29,1.3076,232.2,0.3143,33.55
2021-09-06,52663.9,3926.77,1.3894,219.4,0.309,34.81
2021-09-07,46863.73,3434.57,1.1292,178.5,0.2552,28.26
2021-09-08,46048.31,3499.0,1.0998,179.7,0.2567,27.16
2021-09-09,46395.14,3424.93,1.0868,180.5,0.2525,28.01
2021-09-10,44850.91,3208.86,1.0552,174.1,0.2397,26.39
2021-09-11,45173.69,3267.21,1.0787,178.6,0.241,26.99
2021-09-12,46025.24,3404.21,1.1181,183.0,0.2502,29.42
2021-09-13,44940.73,3285.35,1.0643,179.4,0.2358,26.96
2021-09-14,47111.52,3434.37,1.0963,183.1,0.2406,30.8
2021-09-15,48121.41,3613.55,1.1207,189.0,0.2476,30.67
2021-09-16,47737.82,3567.98,1.0902,185.2,0.2418,29.8
2021-09-17,47299.98,3399.81,1.0661,180.0,0.2401,27.72
2021-09-18,48292.74,3435.64,1.0751,181.4,0.2413,28.39
2021-09-19,47241.75,3328.62,1.0483,175.6,0.2331,27.36
2021-09-20,43015.62,2977.28,0.9216,157.2,0.2086,23.57
2021-09-21,40734.38,2765.9,0.8743,148.5,0.2009,21.42
2021-09-22,43543.61,3076.92,1.0033,161.4,0.2245,24.45
2021-09-23,44865.26,3152.5,1.0016,163.9,0.2246,25.41
2021-09-24,42810.57,2928.53,0.944,152.1,0.2091,23.26
2021-09-25,42670.64,2921.73,0.94,151.0,0.2083,24.51
2021-09-26,43160.9,3059.37,0.9436,150.7,0.205,24.6
2021-09-27,42147.35,2925.59,0.9218,145.0,0.1997,23.01
2021-09-28,41026.54,2804.91,0.8928,140.6,0.1965,22.1
2021-09-29,41524.28,2850.45,0.9268,144.7,0.1987,22.85
2021-09-30,43824.1,3000.61,0.9533,153.3,0.2042,24.0
2021-10-01,48141.61,3309.91,1.0422,166.2,0.2226,26.31
2021-10-02,47634.9,3387.76,1.0359,168.9,0.2185,26.89
2021-10-03,48200.01,3417.73,1.0552,170.5,0.2218,27.57
2021-10-04,49224.94,3386.31,1.0425,167.5,0.2414,26.6
2021-10-05,51471.99,3515.27,1.0839,173.8,0.2516,27.23
2021-10-06,55315.0,3574.89,1.0765,178.5,0.2541,26.8
2021-10-07,53785.22,3587.47,1.0678,178.6,0.2428,26.83
2021-10-08,53951.43,3563.13,1.0636,175.9,0.2441,26.39
2021-10-09,54949.72,3574.82,1.1604,179.9,0.2467,27.45
2021-10-10,54659.0,3414.22,1.1352,174.8,0.2288,25.56
2021-10-11,57471.35,3542.12,1.1364,179.1,0.2312,25.22
2021-10-12,55996.93,3491.46,1.1018,172.6,0.2261,24.65
2021-10-13,57367.0,3607.42,1.1275,177.6,0.2326,25.66
2021-10-14,57347.94,3790.82,1.1336,181.3,0.2325,26.72
2021-10-15,61672.42,3868.99,1.1413,189.6,0.234,27.01
2021-10-16,60875.57,3829.96,1.1343,186.0,0.2372,27.23
2021-10-17,61528.33,3846.85,1.0944,183.7,0.2378,26.54
2021-10-18,62009.84,3744.96,1.0827,185.6,0.2474,25.71
2021-10-19,64280.59,3877.03,1.0911,188.8,0.2454,25.91
2021-10-20,66001.41,4161.15,1.1455,207.3,0.2548,27.49
2021-10-21,62193.15,4052.99,1.0886,196.8,0.2424,28.26
2021-10-22,60688.22,3972.2,1.0885,191.0,0.2446,28.67
2021-10-23,61286.75,4167.12,1.0934,196.3,0.2511,31.36
2021-10-24,60852.22,4082.33,1.0821,190.4,0.2756,29.7
2021-10-25,63078.78,4220.37,1.0951,195.5,0.2651,32.38
2021-10-26,60328.81,4131.52,1.1075,197.6,0.2559,32.52
2021-10-27,58413.44,3922.0,0.995,179.3,0.2379,28.88
2021-10-28,60575.89,4286.02,1.0579,189.8,0.2997,30.19
2021-10-29,62253.71,4418.89,1.0825,196.7,0.2882,30.96
2021-10-30,61859.19,4322.68,1.0846,190.2,0.269,29.79
2021-10-31,61299.8,4287.21,1.1128,191.9,0.28,30.0
2021-11-01,60911.11,4319.43,1.0915,197.6,0.2716,31.66
2021-11-02,63219.99,4589.89,1.1349,200.9,0.2739,32.26
2021-11-03,62896.48,4603.35,1.2101,207.3,0.2689,31.96
2021-11-04,61395.01,4532.32,1.2004,202.6,0.263,31.0
2021-11-05,60937.12,4474.24,1.1581,198.9,0.2609,32.86
2021-11-06,61470.61,4518.0,1.151,197.6,0.2618,32.05
2021-11-07,63273.59,4612.59,1.2198,202.0,0.2664,32.34
2021-11-08,67525.83,4807.98,1.2815,229.0,0.2819,34.46
2021-11-09,66947.66,4732.33,1.2571,262.0,0.2736,33.82
2021-11-10,64882.43,4628.78,1.1902,260.4,0.2553,34.21
2021-11-11,64774.26,4719.0,1.2142,262.3,0.2605,34.69
2021-11-12,64122.23,4665.46,1.1883,251.2,0.2593,34.26
2021-11-13,64380.0,4644.28,1.1892,257.7,0.2613,34.0
2021-11-14,65519.1,4626.5,1.1879,279.3,0.2628,33.75
2021-11-15,63606.74,4563.78,1.172,263.0,0.2566,32.04
2021-11-16,60058.87,4209.76,1.0877,230.2,0.2365,29.16
2021-11-17,60344.87,4287.8,1.0953,229.6,0.2374,29.18
2021-11-18,56891.62,3996.9,1.0406,204.2,0.2208,26.55
2021-11-19,58052.24,4294.76,1.0892,217.9,0.2329,28.27
2021-11-20,59707.51,4412.17,1.0965,226.8,0.233,28.36
2021-11-21,58622.02,4258.31,1.0569,221.1,0.2255,28.98
2021-11-22,56247.18,4085.97,1.0354,209.1,0.2195,26.77
2021-11-23,57541.27,4339.44,1.0661,216.2,0.2266,26.94
2021-11-24,57138.29,4269.36,1.0326,212.2,0.217,25.58
2021-11-25,58960.36,4524.85,1.0438,222.9,0.2209,26.41
2021-11-26,53726.53,4041.2,0.9394,195.7,0.2016,23.96
2021-11-27,54721.03,4095.29,0.9452,195.1,0.2049,24.1
2021-11-28,57274.88,4294.78,0.9687,199.5,0.2073,24.76
2021-11-29,57776.25,4444.53,0.9898,205.5,0.215,24.99
2021-11-30,56950.56,4630.26,0.9983,207.8,0.2147,25.31
2021-12-01,57184.07,4582.95,0.9899,208.8,0.2093,25.32
2021-12-02,56480.34,4511.21,0.9716,203.5,0.2095,24.55
2021-12-03,53601.05,4215.73,0.9211,188.0,0.1999,23.31
2021-12-04,49152.47,4117.25,0.8449,162.7,0.1781,20.64
2021-12-05,49396.33,4196.44,0.8045,156.3,0.1712,19.48
2021-12-06,50441.92,4347.59,0.8255,161.3,0.1776,19.8
2021-12-07,50588.95,4306.4,0.8154,161.8,0.1762,21.09
2021-12-08,50471.19,4436.91,0.8622,165.1,0.179,22.91
2021-12-09,47545.59,4105.64,0.8583,151.3,0.1691,20.25
2021-12-10,47140.54,3897.94,0.7992,148.3,0.1641,18.56
2021-12-11,49389.99,4089.37,0.8392,158.0,0.1689,19.97
2021-12-12,50053.9,4130.0,0.8393,159.0,0.1697,20.41
2021-12-13,46702.75,3781.93,0.7818,144.6,0.1573,17.78
2021-12-14,48343.28,3858.99,0.8103,150.4,0.1909,18.44
2021-12-15,48864.98,4019.08,0.8262,153.6,0.1808,19.69
2021-12-16,47632.38,3958.11,0.8051,148.9,0.1732,18.76
2021-12-17,46131.2,3875.42,0.7966,144.1,0.1685,18.25
2021-12-18,46834.48,3959.93,0.8262,148.6,0.1723,19.54
2021-12-19,46681.23,3924.14,0.835,153.2,0.1694,18.86
2021-12-20,46914.16,3944.73,0.8798,152.6,0.1671,18.78
2021-12-21,48889.88,4014.15,0.9467,154.7,0.1707,19.42
2021-12-22,48588.16,3979.51,0.9537,155.4,0.173,19.93
2021-12-23,50838.81,4111.41,0.9941,163.6,0.185,22.17
2021-12-24,50820.0,4046.36,0.9115,161.2,0.1862,21.48
2021-12-25,50399.66,4094.83,0.9252,157.8,0.1908,22.1
2021-12-26,50775.49,4063.56,0.92,155.7,0.1898,22.98
2021-12-27,50701.44,4037.23,0.9269,155.9,0.1879,23.02
2021-12-28,47543.74,3792.75,0.8515,145.7,0.1739,20.37
2021-12-29,46464.66,3630.19,0.8171,145.5,0.168,19.74
2021-12-30,47120.87,3709.27,0.8386,148.0,0.1711,19.93
2021-12-31,46216.93,3676.23,0.8297,146.3,0.1703,19.51
2022-01-01,47722.65,3765.54,0.8507,150.8,0.1732,20.76
2022-01-02,47286.18,3828.27,0.8586,151.2,0.1745,21.87
2022-01-03,46446.1,3765.89,0.8324,148.5,0.1703,23.72
2022-01-04,45832.01,3785.11,0.8228,146.5,0.1684,23.42
2022-01-05,43451.13,3540.63,0.7726,135.4,0.159,25.24
2022-01-06,43082.31,3406.81,0.7791,135.9,0.1599,25.38
2022-01-07,41566.48,3199.24,0.7634,131.4,0.155,25.98
2022-01-08,41679.74,3080.95,0.7452,129.4,0.1509,25.32
2022-01-09,41864.62,3151.97,0.753,130.9,0.1505,27.54
2022-01-10,41822.49,3082.68,0.7399,126.5,0.1431,27.98
2022-01-11,42729.29,3239.72,0.7703,131.6,0.1538,26.59
2022-01-12,43902.66,3371.26,0.7987,141.9,0.1628,26.75
2022-01-13,42560.11,3240.61,0.768,136.7,0.1717,24.86
2022-01-14,43059.96,3307.42,0.7732,144.7,0.1832,25.72
2022-01-15,43084.29,3326.04,0.7791,147.7,0.1845,25.17
2022-01-16,43071.66,3346.88,0.7784,146.4,0.1766,25.5
2022-01-17,42201.62,3209.67,0.7617,151.2,0.1708,23.79
2022-01-18,42352.12,3159.85,0.7509,141.5,0.1651,22.96
2022-01-19,41660.01,3084.02,0.7381,136.2,0.1615,21.55
2022-01-20,40680.91,3001.48,0.7199,129.7,0.1553,20.17
2022-01-21,36445.31,2568.15,0.6368,114.5,0.1419,17.42
2022-01-22,35071.42,2412.18,0.5966,108.4,0.1332,15.85
2022-01-23,36244.55,2539.01,0.6283,112.3,0.1418,16.64
2022-01-24,36660.35,2439.29,0.6118,109.5,0.1373,15.58
2022-01-25,36958.32,2458.83,0.618,107.8,0.1427,15.49
2022-01-26,36809.34,2462.99,0.6193,106.9,0.1431,15.23
2022-01-27,37160.1,2424.25,0.6088,106.9,0.1414,15.22
2022-01-28,37716.56,2544.99,0.6111,109.4,0.1414,16.15
2022-01-29,38166.84,2601.43,0.6174,110.8,0.143,16.23
2022-01-30,37881.76,2601.68,0.6013,108.6,0.1391,17.77
2022-01-31,38466.9,2686.94,0.6174,109.5,0.1415,17.15
2022-02-01,38694.59,2787.23,0.6284,115.0,0.1423,16.98
2022-02-02,36896.36,2680.67,0.6006,108.3,0.137,15.78
2022-02-03,37311.61,2695.46,0.6102,111.0,0.1379,16.3
2022-02-04,41574.25,2994.99,0.6555,121.3,0.1478,17.5
2022-02-05,41382.59,3012.65,0.6656,121.7,0.1469,17.76
2022-02-06,42380.87,3054.99,0.6825,127.6,0.1539,18.07
2022-02-07,43839.99,3139.77,0.8314,137.4,0.1653,18.88
2022-02-08,44042.99,3116.69,0.8763,133.7,0.1581,18.38
2022-02-09,44372.72,3243.94,0.8697,140.1,0.1594,18.67
2022-02-10,43495.44,3072.49,0.8253,134.6,0.1514,17.5
2022-02-11,42373.73,2927.54,0.7591,125.6,0.1446,16.21
2022-02-12,42217.87,2918.88,0.8223,126.7,0.1444,15.95
2022-02-13,42053.66,2871.13,0.8057,125.6,0.148,15.6
2022-02-14,42535.94,2929.75,0.8012,124.6,0.1457,15.9
2022-02-15,44544.86,3183.52,0.8515,131.5,0.1517,17.34
2022-02-16,43873.56,3122.3,0.8366,127.7,0.1487,17.12
2022-02-17,40515.7,2891.87,0.769,116.3,0.1383,15.59
2022-02-18,39974.44,2779.48,0.784,114.9,0.1386,15.19
2022-02-19,40079.17,2763.63,0.8215,115.5,0.1409,15.51
2022-02-20,38386.89,2621.99,0.7769,110.6,0.1366,14.6
2022-02-21,37008.16,2568.02,0.7018,102.8,0.1282,13.51
2022-02-22,38230.33,2636.29,0.7209,107.4,0.1313,13.99
2022-02-23,37250.01,2579.71,0.6967,105.4,0.1273,13.35
2022-02-24,38327.21,2596.2,0.6963,104.1,0.1241,13.27
2022-02-25,39219.17,2768.49,0.7699,109.2,0.1276,14.36
2022-02-26,39116.72,2779.47,0.7508,108.2,0.1276,14.72
2022-02-27,37699.07,2616.79,0.7215,102.9,0.1229,13.64
2022-02-28,43160.0,2920.95,0.7809,113.7,0.1335,15.13
2022-03-01,44421.2,2976.33,0.7839,112.5,0.134,15.35
2022-03-02,43892.98,2947.3,0.7687,110.3,0.133,15.28
2022-03-03,42454.0,2833.99,0.7515,111.7,0.1297,14.89
2022-03-04,39148.66,2622.1,0.7127,101.0,0.1226,13.73
2022-03-05,39397.96,2665.15,0.754,104.9,0.125,14.03
2022-03-06,38420.81,2551.29,0.7251,101.1,0.1207,13.32
2022-03-07,37988.0,2491.12,0.7197,98.4,0.1167,12.68
2022-03-08,38730.63,2575.97,0.7207,100.7,0.117,13.08
2022-03-09,41941.71,2726.98,0.7658,106.9,0.1215,14.01
2022-03-10,39422.0,2606.7,0.7361,102.5,0.1169,13.17
2022-03-11,38729.57,2556.86,0.8029,104.6,0.1155,13.05
2022-03-12,38807.36,2568.8,0.7857,105.6,0.1147,13.15
2022-03-13,37777.34,2515.65,0.7602,101.7,0.1114,12.7
2022-03-14,39671.37,2589.41,0.7748,105.6,0.1139,13.41
2022-03-15,39280.33,2617.73,0.7657,106.8,0.1126,13.69
2022-03-16,41114.0,2773.81,0.7919,111.4,0.1171,14.66
2022-03-17,40917.9,2811.92,0.7935,110.2,0.1163,14.4
2022-03-18,41757.51,2938.92,0.7965,111.9,0.1191,15.01
2022-03-19,42201.13,2950.84,0.8194,116.8,0.1236,15.01
2022-03-20,41262.11,2861.38,0.8057,114.9,0.1191,14.54
2022-03-21,41002.25,2890.03,0.8373,116.0,0.1192,15.0
2022-03-22,42364.13,2969.64,0.8366,122.7,0.1224,15.43
2022-03-23,42882.76,3036.0,0.8376,122.4,0.1298,15.83
2022-03-24,43991.46,3110.76,0.8428,126.5,0.1368,16.17
2022-03-25,44313.16,3102.14,0.8239,123.9,0.1308,15.59
2022-03-26,44511.27,3145.0,0.8327,124.8,0.136,15.83
2022-03-27,46827.76,3295.65,0.858,129.7,0.1448,16.87
2022-03-28,47122.21,3332.92,0.8641,127.6,0.1425,16.5
2022-03-29,47434.8,3400.51,0.8577,130.1,0.1444,16.98
2022-03-30,47067.99,3385.79,0.8613,131.1,0.1432,17.22
2022-03-31,45510.34,3281.51,0.8148,123.8,0.1381,16.91
2022-04-01,46283.49,3455.21,0.8277,124.8,0.1413,17.34
2022-04-02,45811.0,3443.77,0.824,124.8,0.1387,17.4
2022-04-03,46407.35,3521.91,0.8432,128.7,0.1466,18.08
2022-04-04,46580.51,3519.5,0.826,124.8,0.1485,17.5
2022-04-05,45497.55,3406.99,0.8164,122.7,0.1727,16.74
2022-04-06,43170.47,3168.51,0.7595,111.7,0.1433,15.41
2022-04-07,43444.19,3227.19,0.7871,114.1,0.1459,15.75
2022-04-08,42252.01,3192.39,0.7549,110.7,0.1424,15.13
2022-04-09,42753.97,3258.57,0.7622,112.7,0.1442,15.43
2022-04-10,42158.85,3203.04,0.7543,110.3,0.1482,15.24
2022-04-11,39530.45,2979.74,0.6948,102.4,0.1341,13.76
2022-04-12,40074.94,3027.66,0.7152,104.8,0.138,13.98
2022-04-13,41147.79,3118.28,0.7232,110.5,0.1399,14.19
2022-04-14,39942.38,3021.98,0.7262,107.3,0.1441,13.65
2022-04-15,40551.9,3040.56,0.7858,111.0,0.1458,14.11
2022-04-16,40378.71,3059.3,0.7808,114.3,0.1435,14.14
2022-04-17,39678.12,2988.06,0.7519,108.8,0.1392,13.73
2022-04-18,40801.13,3055.56,0.7699,111.3,0.1402,14.06
2022-04-19,41493.18,3101.77,0.7749,113.8,0.1425,14.24
2022-04-20,41358.19,3076.04,0.7517,111.9,0.1407,14.02
2022-04-21,40480.01,2983.58,0.7328,106.8,0.1362,13.57
2022-04-22,39709.18,2962.39,0.7179,105.4,0.1363,13.58
2022-04-23,39441.6,2933.03,0.7057,105.1,0.1339,13.31
2022-04-24,39450.13,2921.0,0.6981,104.6,0.1317,13.26
2022-04-25,40426.08,3006.62,0.6931,104.6,0.1581,13.44
2022-04-26,38112.65,2809.67,0.642,98.6,0.1376,12.37
2022-04-27,39235.72,2888.96,0.6522,100.5,0.14,12.74
2022-04-28,39742.07,2936.93,0.6428,103.3,0.1375,12.66
2022-04-29,38596.11,2817.13,0.6116,100.4,0.1349,11.97
2022-04-30,37630.8,2726.66,0.5845,95.8,0.1274,10.95
2022-05-01,38468.35,2824.81,0.607,99.3,0.1327,11.31
2022-05-02,38525.16,2856.54,0.6143,100.7,0.1308,11.17
2022-05-03,37728.95,2781.7,0.6047,99.4,0.1295,11.12
2022-05-04,39690.0,2940.64,0.6459,106.3,0.1359,12.2
2022-05-05,36552.97,2747.97,0.5981,96.8,0.1282,10.91
2022-05-06,36013.77,2692.85,0.6022,96.7,0.1278,10.79
2022-05-07,35472.39,2635.34,0.5808,94.3,0.1275,10.21
2022-05-08,34038.4,2519.71,0.5662,93.9,0.1241,10.0
2022-05-09,30076.31,2228.55,0.4873,76.2,0.1019,8.1
2022-05-10,31017.1,2342.05,0.513,80.2,0.108,8.59
2022-05-11,29103.94,2084.99,0.4172,66.6,0.0853,6.95
2022-05-12,29029.75,1960.22,0.3856,64.5,0.0826,6.56
2022-05-13,29287.05,2009.69,0.4228,67.9,0.0881,7.15
2022-05-14,30086.74,2056.48,0.4262,68.9,0.0894,7.26
2022-05-15,31328.89,2145.29,0.4481,71.6,0.0932,7.96
2022-05-16,29874.01,2023.66,0.4231,67.3,0.088,7.42
2022-05-17,30444.93,2090.72,0.438,73.2,0.0903,7.72
2022-05-18,28715.32,1915.11,0.4056,66.0,0.0833,6.81
2022-05-19,30319.23,2019.55,0.4205,72.1,0.0866,7.22
2022-05-20,29201.01,1959.08,0.4101,68.6,0.084,6.87
2022-05-21,29445.06,1975.07,0.4145,69.8,0.0845,7.06
2022-05-22,30293.94,2043.19,0.4218,71.7,0.0859,7.33
2022-05-23,29109.15,1973.32,0.4052,69.1,0.0833,7.02
2022-05-24,29654.58,1979.41,0.4086,70.2,0.0837,7.23
2022-05-25,29542.15,1942.63,0.406,68.2,0.083,6.96
2022-05-26,29201.35,1792.23,0.392,63.5,0.0779,6.57
2022-05-27,28629.8,1727.27,0.3819,61.6,0.0816,6.29
2022-05-28,29031.33,1792.22,0.3863,63.0,0.0818,6.58
2022-05-29,29468.1,1813.64,0.3891,63.6,0.0827,6.71
2022-05-30,31734.22,1998.78,0.4187,69.1,0.088,7.46
2022-05-31,31801.04,1941.9,0.4217,68.4,0.08591,7.59
2022-06-01,29805.83,1817.95,0.398,62.7,0.08105,6.93
2022-06-02,30452.62,1834.08,0.4055,64.5,0.08277,7.19
2022-06-03,29700.21,1775.12,0.3904,62.6,0.08029,6.85
2022-06-04,29864.04,1804.58,0.3925,63.7,0.08187,7.4
2022-06-05,29919.21,1806.23,0.3953,63.2,0.08107,7.64
2022-06-06,31373.1,1859.84,0.4026,64.5,0.0825,7.97
2022-06-07,31125.33,1813.33,0.4076,63.8,0.08039,8.71
2022-06-08,30204.77,1791.88,0.4006,61.3,0.07927,8.7
2022-06-09,30109.93,1788.81,0.4002,60.3,0.07937,9.27
2022-06-10,29091.88,1662.91,0.3815,56.7,0.07539,8.04
2022-06-11,28424.7,1532.89,0.3599,52.2,0.06993,7.04
2022-06-12,26574.53,1434.84,0.3433,47.9,0.06353,6.27
2022-06-13,22487.41,1209.82,0.3118,43.5,0.0542,5.93
2022-06-14,22136.41,1208.9,0.3214,46.15,0.05555,6.74
2022-06-15,22583.72,1237.52,0.3436,50.65,0.06285,7.33
2022-06-16,20401.31,1068.5,0.3132,44.78,0.05523,6.36
2022-06-17,20468.81,1086.94,0.321,47.6,0.05689,6.36
2022-06-18,18970.79,995.13,0.3075,47.18,0.0529,5.92
2022-06-19,20574.0,1128.53,0.3264,54.29,0.06047,6.6
2022-06-20,20573.89,1128.24,0.3227,52.77,0.06002,6.98
2022-06-21,20723.52,1125.85,0.3294,53.52,0.06581,6.86
2022-06-22,19987.99,1050.19,0.3223,52.13,0.0617,6.63
2022-06-23,21110.13,1144.72,0.3358,55.74,0.06398,6.99
2022-06-24,21237.69,1225.02,0.3672,55.84,0.06694,7.26
2022-06-25,21491.19,1242.36,0.3676,58.88,0.06852,7.26
2022-06-26,21038.07,1197.79,0.3592,56.61,0.07296,6.7
2022-06-27,20742.56,1192.51,0.3537,55.86,0.07216,6.55
2022-06-28,20281.29,1144.05,0.3375,52.68,0.0661,6.32
2022-06-29,20123.01,1100.21,0.3296,53.68,0.06956,6.23
2022-06-30,19942.21,1071.01,0.3321,53.84,0.06644,6.27
2022-07-01,19279.8,1059.73,0.3139,51.19,0.06644,6.08
2022-07-02,19252.81,1067.01,0.3156,50.55,0.06667,6.22
2022-07-03,19315.83,1074.26,0.3215,50.95,0.06721,6.22
2022-07-04,20236.71,1151.0,0.3287,52.26,0.06938,6.43
2022-07-05,20175.83,1132.5,0.3252,49.7,0.06716,6.31
2022-07-06,20564.51,1186.57,0.3324,50.34,0.06844,6.34
2022-07-07,21624.98,1237.49,0.3422,52.15,0.07055,6.64
2022-07-08,21594.75,1214.04,0.3402,51.35,0.06906,6.36
2022-07-09,21591.83,1217.02,0.3448,54.09,0.06947,6.48
2022-07-10,20862.47,1168.36,0.3255,52.12,0.06728,6.2
2022-07-11,19963.61,1096.4,0.3152,48.71,0.06175,6.04
2022-07-12,19328.75,1038.58,0.3116,47.33,0.05982,5.94
2022-07-13,20234.87,1115.0,0.3237,49.56,0.06194,6.175
2022-07-14,20588.84,1193.42,0.3338,51.32,0.06246,6.275
2022-07-15,20830.04,1231.25,0.3342,51.78,0.06294,6.325
2022-07-16,21195.6,1355.85,0.3505,55.08,0.06439,6.595
2022-07-17,20798.16,1338.65,0.3433,55.76,0.06306,6.347
2022-07-18,22432.58,1581.04,0.3653,58.6,0.06756,7.037
2022-07-19,23396.62,1542.32,0.3729,57.9,0.06901,7.254
2022-07-20,23223.3,1521.58,0.3635,57.2,0.07014,6.867
2022-07-21,23152.19,1575.45,0.3669,58.02,0.06998,6.994
2022-07-22,22684.83,1535.27,0.3578,56.09,0.06743,6.782
2022-07-23,22451.07,1548.67,0.3592,56.32,0.06804,6.844
2022-07-24,22579.68,1597.7,0.3586,58.39,0.06755,7.094
2022-07-25,21310.9,1440.79,0.3362,54.0,0.06193,6.431
2022-07-26,21254.67,1449.12,0.3372,53.88,0.06252,6.341
2022-07-27,22952.45,1635.74,0.3594,59.01,0.06721,6.86
2022-07-28,23842.93,1724.52,0.3739,63.41,0.06909,7.217
2022-07-29,23773.75,1721.68,0.3679,60.65,0.06877,7.883
2022-07-30,23643.51,1697.0,0.3879,60.42,0.06965,7.82
2022-07-31,23293.32,1678.12,0.3792,59.74,0.06807,7.651
2022-08-01,23268.01,1630.28,0.3791,59.44,0.06845,7.57
2022-08-02,22987.79,1630.91,0.3714,58.05,0.06652,7.177
2022-08-03,22818.37,1618.16,0.3695,57.77,0.06621,7.284
2022-08-04,22622.98,1607.96,0.371,59.65,0.06725,7.364
2022-08-05,23312.42,1736.81,0.3764,62.47,0.06981,7.878
2022-08-06,22954.21,1690.6,0.3715,60.83,0.06863,7.792
2022-08-07,23174.39,1700.19,0.3722,61.1,0.06897,8.343
2022-08-08,23810.0,1777.05,0.3787,62.61,0.07011,8.608
2022-08-09,23149.95,1702.76,0.3672,59.16,0.06904,8.742
2022-08-10,23954.05,1853.57,0.3814,61.59,0.07126,9.055
2022-08-11,23934.39,1880.19,0.3802,61.84,0.07084,8.958
2022-08-12,24403.68,1958.28,0.3796,62.88,0.0723,9.324
2022-08-13,24441.38,1983.55,0.378,63.8,0.07293,9.144
2022-08-14,24305.24,1935.31,0.3757,63.14,0.08168,8.765
2022-08-15,24094.82,1899.06,0.3751,60.67,0.07662,8.646
2022-08-16,23854.74,1876.67,0.377,61.33,0.08677,8.452
2022-08-17,23342.66,1834.25,0.3795,60.52,0.08021,8.061
2022-08-18,23191.2,1846.39,0.3704,60.02,0.07474,7.649
2022-08-19,20834.39,1609.01,0.3344,53.99,0.06776,6.899
2022-08-20,21140.07,1576.04,0.3368,54.1,0.06933,6.9
2022-08-21,21515.61,1618.13,0.3449,55.67,0.06932,7.082
2022-08-22,21399.83,1624.66,0.344,57.22,0.0684,7.044
2022-08-23,21529.12,1665.41,0.3472,57.08,0.06884,7.241
2022-08-24,21368.08,1656.56,0.3456,56.46,0.06791,7.124
2022-08-25,21559.04,1695.11,0.3491,56.63,0.06898,7.124
2022-08-26,20241.05,1508.18,0.3393,52.68,0.06351,6.504
2022-08-27,20037.6,1491.06,0.3346,53.01,0.06351,6.529
2022-08-28,19555.61,1426.76,0.3224,53.41,0.06178,6.255
2022-08-29,20285.73,1551.8,0.3337,55.8,0.06384,6.7
2022-08-30,19811.66,1524.59,0.3267,53.01,0.06154,6.556
2022-08-31,20050.02,1554.1,0.3277,53.84,0.06135,6.627
